<?xml version="1.0" encoding="UTF-8"?>
<addon id="plugin.program.709notify" version="1.0"
       name="[B][COLOR gray]709[/COLOR][/B]Notify" provider-name="Tonkapug">
  <requires>
  	<import addon="xbmc.python" version="2.1.0"/>
        <import addon="script.module.addon.common" optional="true" />
  </requires>
  <extension point="xbmc.python.script" library="default.py">
    <provides>executable</provides>
  </extension>
  <extension point="xbmc.service" library="service.py" start="startup">
  </extension>
  <extension point="xbmc.addon.metadata">
  	<summary>709 Update Notifications</summary>
  	<description>If you wish to not receive these notifications you can unsubscribe within Add-on Settings.</description>
  	<disclaimer>We take no responsibility for any problems this plugin might in any way, form, shape or size cause.</disclaimer>
  	<language>en</language>
  	<platform>all</platform>
  	<forum>http://</forum>
  	<website>http://</website>
  	<source></source>
  	<email></email>
  </extension>
</addon>
