<?xml version="1.0" encoding="UTF-8" standalone="yes"?>
<addon id="script.709rdvpn" name="[B][COLOR=gray]709[/COLOR][/B]VPNcheck" version="1.0" provider-name="peno, Tonkapug">
	<requires>
		<import addon="xbmc.python" version="2.7.0"/>
	</requires>
	<extension point="xbmc.python.pluginsource" library="addon.py">
		<provides>executable</provides>
	</extension>
	<extension point="xbmc.addon.metadata">
		<platform>all</platform>
		<summary lang="en">Real-Debrid VPN Whitelisted Check </summary>
		<description lang="en">Checks if the your current VPN IP ADDRESS is whitelisted or blocked by Real-Debrid</description>
		<license>GNU General Public License, v2</license>
		<language></language>
	</extension>
</addon>
