<?xml version="1.0" encoding="UTF-8" standalone="yes"?>
<addon id="plugin.program.709wizard" name="[COLOR grey][B]709[/B][/COLOR]Wizard" version="1.0" provider-name="Tonkapug">
    <requires>
        <import addon="xbmc.python" version="2.1.0" />
        <import addon="script.module.requests" />
        <import addon="script.module.six" />
    </requires>
    
    <extension point="xbmc.python.pluginsource" library="default.py">
        <provides>executable</provides>
    </extension>
    
    <extension point="xbmc.service" library="startup.py" start="startup" />
    
    <extension point="xbmc.addon.metadata">
        <summary lang="en">[COLOR grey][B]709[/B][/COLOR]Wizard</summary>
        <description lang="en">Automated build installer</description>
        <platform>all</platform>
        <reuselanguageinvoker>false</reuselanguageinvoker>
        <source>https://www.google.com</source>
        <news>
        v1.0
         - Initial Commit
        </news>
        <assets>
            <icon>icon.png</icon>
            <fanart>fanart.png</fanart>
        </assets>
    </extension>
</addon>
