<?xml version="1.0" encoding="UTF-8" standalone="yes"?>
<addon id="script.709tools" name="[B][COLOR=gray]709[/COLOR][/B]Tools" version="1.3" provider-name="FTG, Tonkapug">
  <requires>
    <import addon="xbmc.python" version="2.1.0"/>
  </requires>
  <extension point="xbmc.python.pluginsource" library="pair.py">
        <provides>executable</provides>
  </extension>
  <extension point="xbmc.addon.metadata">
    <platform>all</platform>
    <summary lang="en">A maintenance addon with a list of Tools</summary>
    <description lang="en">Maintenance - Kodi Tools</description>
    <disclaimer lang="en">-</disclaimer>
    <language></language>
    <platform>all</platform>
    <license>GNU GENERAL PUBLIC LICENSE. Version 2, June 1991</license>
  </extension>
</addon>
