<?xml version="1.0" encoding="UTF-8" standalone="yes"?>
<addon id="script.709clean"
       name="[B][COLOR gray]709[/COLOR][/B]Clean"
       version="1.1"
       provider-name="SchisM, Tonkapug">
  <requires>
    <import addon="xbmc.python" version="2.1.0"/>
  </requires>
 	<extension point="xbmc.python.pluginsource" library="default.py">
		<provides>executable</provides>
	</extension> 
  <extension point="xbmc.service" library="service.py" start="startup" />
  <extension point="xbmc.addon.metadata">
    <platform>all</platform>
    <summary>Utility</summary>
    <description>Kodi Cleaning Tool</description>
    <language></language>
    <license></license>
    <source></source>
    <forum></forum>
    <website></website>
  </extension>
</addon>
