<?xml version="1.0" encoding="UTF-8" standalone="yes"?>
<addon id="script.709pair" name="[B][COLOR=gray]709[/COLOR][/B]Pair" version="1.2" provider-name="FTG, Tonkapug">
  <requires>
    <import addon="xbmc.python" version="2.1.0"/>
  </requires>
  <extension point="xbmc.python.pluginsource" library="pair.py">
        <provides>executable</provides>
  </extension>
  <extension point="xbmc.addon.metadata">
    <platform>all</platform>
    <summary lang="en">Real-Debrid and Trakt Pairing Utility</summary>
    <description lang="en">Real-Debrid and Trakt Pairing</description>
    <disclaimer lang="en">-</disclaimer>
    <language></language>
    <platform>all</platform>
    <license>GNU GENERAL PUBLIC LICENSE. Version 2, June 1991</license>
  </extension>
</addon>
